Skin Tone Category,accurate
dark,0.3333333333333333
light,0.030303030303030304
medium,0.0
