Skin Tone Category,accurate
dark,0.16666666666666666
light,0.21212121212121213
medium,0.0
